header,Front Cover,title,author,pages,publisher,language,ISBN-10,ISBN-13,read online link,read online text,read online img,description,tags
(*Epub/Kindle)->Download Wicked Charm by Amber Hart Book In English,https://lh5.googleusercontent.com/NU7yF0Mf3yyOYmChwgCzVMY3GHQCZpuRqyZfNkWV6YS3xqMtNHX5zVxeq1x3ehYG2tSVnqppYFesQ41fcb7hISvgHH1eLJdWccuexy5891quHeqoxXVabWCTh0YsasZMew=w1280,Wicked Charm,Amber Hart,304,Entangled Teen,eng,31498683-wicked-charm,"""9781633758971""",https://www.google.com/url?q=https%3A%2F%2Fnewreleasesbook.com%2F%3Fbook%3D30294279-trapped-in-silver&sa=D&sntz=1&usg=AFQjCNH_b_EyILDHhxd-pGm5XXNBC3R6yA,READ ONLINE,https://lh4.googleusercontent.com/tN-z31XNuwyYlmak5XVbo8mohGDpqwOgk18zPZExHc4MNjzieu8YBH3trj_HhEY0Nc6VkwDaTseDuGMMRmYsCc5cPABEcJ1Z3D5ARcsLA7ojvVVk1xjwOmG3aDe5eLQjFw=w1280,"Read Online and Download Wicked Charm. Nothing good comes from living in the Devil's swamp.Willow Bell thinks moving to the Okefenokee area isn't half bad, but nothing prepares her for what awaits in the shadows of the bog.Girls are showing up dead in the swamp. And she could be next.Everyone warns Willow to stay away from Beau Cadwell?the bad boy at the top of their suspect list as the serial killer tormenting the small town.But beneath his wicked, depthless eyes, there's something else that draws Willow to him.When yet another girl he knew dies, though, Willow questions whether she can trust her instincts?or if they're leading to her own death. .","Wicked Charm by Amber Hart Free download, epub, pdf, docs, New York Times, ppt, audio books, Bloomberg, #NYT, books to read, good books to read, cheap books, good books,online books, books online, book reviews, read books online, books to read online, online library, greatbooks to read, best books to read, top books to Wicked Charm By Amber Hart books to read online."
(*EPUB)->DOWNLOAD Bang BY: Barry Lyga Ebook Pdf Kindle,https://lh5.googleusercontent.com/NU7yF0Mf3yyOYmChwgCzVMY3GHQCZpuRqyZfNkWV6YS3xqMtNHX5zVxeq1x3ehYG2tSVnqppYFesQ41fcb7hISvgHH1eLJdWccuexy5891quHeqoxXVabWCTh0YsasZMew=w1280,Bang,Barry Lyga,304,"Little, Brown Books for Young Readers",eng,31420736-bang,"""9780316315500""",https://www.google.com/url?q=https%3A%2F%2Fnewreleasesbook.com%2F%3Fbook%3D30294279-trapped-in-silver&sa=D&sntz=1&usg=AFQjCNH_b_EyILDHhxd-pGm5XXNBC3R6yA,READING NOW,https://lh4.googleusercontent.com/tN-z31XNuwyYlmak5XVbo8mohGDpqwOgk18zPZExHc4MNjzieu8YBH3trj_HhEY0Nc6VkwDaTseDuGMMRmYsCc5cPABEcJ1Z3D5ARcsLA7ojvVVk1xjwOmG3aDe5eLQjFw=w1280,"Read Online and Download Bang. One shot ruined his life. Another one could end it.Sebastian Cody did something horrible, something no one?not even Sebastian himself?can forgive. At the age of four, he accidentally shot and killed his infant sister with his father?s gun.Now, ten years later, Sebastian has lived with the guilt and horror for his entire life. With his best friend away for the summer, Sebastian has only a new friend?Aneesa?to distract him from his darkest thoughts. But even this relationship cannot blunt the pain of his past. Because Sebastian knows exactly how to rectify his childhood crime and sanctify his past. It took a gun to get him into this.Now he needs a gun to get out. .","Bang by Barry Lyga Free download, epub, pdf, docs, New York Times, ppt, audio books, Bloomberg, #NYT, books to read, good books to read, cheap books, good books,online books, books online, book reviews, read books online, books to read online, online library, greatbooks to read, best books to read, top books to Bang By Barry Lyga books to read online."
(*EPUB)->Download City of Saints and Thieves BY Natalie C. Anderson Books For Free Website,https://lh5.googleusercontent.com/NU7yF0Mf3yyOYmChwgCzVMY3GHQCZpuRqyZfNkWV6YS3xqMtNHX5zVxeq1x3ehYG2tSVnqppYFesQ41fcb7hISvgHH1eLJdWccuexy5891quHeqoxXVabWCTh0YsasZMew=w1280, City of Saints and Thieves,Natalie C. Anderson,432,G.P. Putnam's Sons Books for Young Readers,eng,28133718-city-of-saints-and-thieves,"""9780399547607""",https://www.google.com/url?q=https%3A%2F%2Fnewreleasesbook.com%2F%3Fbook%3D30294279-trapped-in-silver&sa=D&sntz=1&usg=AFQjCNH_b_EyILDHhxd-pGm5XXNBC3R6yA,READ ONLINE,https://lh4.googleusercontent.com/tN-z31XNuwyYlmak5XVbo8mohGDpqwOgk18zPZExHc4MNjzieu8YBH3trj_HhEY0Nc6VkwDaTseDuGMMRmYsCc5cPABEcJ1Z3D5ARcsLA7ojvVVk1xjwOmG3aDe5eLQjFw=w1280,"Read Online and Download City of Saints and Thieves. The Girl with the Dragon Tattoo meets Gone Girl in this enthralling murder mystery set in Kenya. In the shadows of Sangui City, there lives a girl who doesn't exist. After fleeing the Congo as refugees, Tina and her mother arrived in Kenya looking for the chance to build a new life and home. Her mother quickly found work as a maid for a prominent family, headed by Roland Greyhill, one of the city's most respected business leaders. But Tina soon learns that the Greyhill fortune was made from a life of corruption and crime. So when her mother is found shot to death in Mr. Greyhill's personal study, she knows exactly who's behind it. With revenge always on her mind, Tina spends the next four years surviving on the streets alone, working as a master thief for the Goondas, Sangui City's local gang. It's a job for the Goondas that finally brings Tina back to the Greyhill estate, giving her the chance for vengeance she's been waiting for. But as soon as she steps inside the lavish home, .","City of Saints and Thieves by Natalie C. Anderson Free download, epub, pdf, docs, New York Times, ppt, audio books, Bloomberg, #NYT, books to read, good books to read, cheap books, good books,online books, books online, book reviews, read books online, books to read online, online library, greatbooks to read, best books to read, top books to City of Saints and Thieves By Natalie C. Anderson books to read online."
(*EPUB)->Download Kinned to the Sea by Melissa Stacy Full Books,https://lh5.googleusercontent.com/NU7yF0Mf3yyOYmChwgCzVMY3GHQCZpuRqyZfNkWV6YS3xqMtNHX5zVxeq1x3ehYG2tSVnqppYFesQ41fcb7hISvgHH1eLJdWccuexy5891quHeqoxXVabWCTh0YsasZMew=w1280,Kinned to the Sea,Melissa Stacy,,,eng,34516694-kinned-to-the-sea,,https://www.google.com/url?q=https%3A%2F%2Fnewreleasesbook.com%2F%3Fbook%3D30294279-trapped-in-silver&sa=D&sntz=1&usg=AFQjCNH_b_EyILDHhxd-pGm5XXNBC3R6yA,READING NOW,https://lh4.googleusercontent.com/tN-z31XNuwyYlmak5XVbo8mohGDpqwOgk18zPZExHc4MNjzieu8YBH3trj_HhEY0Nc6VkwDaTseDuGMMRmYsCc5cPABEcJ1Z3D5ARcsLA7ojvVVk1xjwOmG3aDe5eLQjFw=w1280,"Read Online and Download Kinned to the Sea. Rowan?s tribe of merpeople call him a war hero, and he?s finally earned the love and respect of his family. But Rowan also knows he is suffering the consequences of breaking his oath not to kill: he is losing his magic, and will soon lose his life.When his tribe kidnaps a human teen named Solei, planning to sacrifice her life for a new weapon of war, the ritual goes horribly wrong. Rowan realizes the power his people wield cannot be controlled, and they will all be destroyed if they kill Solei.Now Rowan must choose between the love of his people and the life of his enemy. Between keeping the acclaim of a war hero, or embracing the dark fate of a traitor. .","Kinned to the Sea by Melissa Stacy Free download, epub, pdf, docs, New York Times, ppt, audio books, Bloomberg, #NYT, books to read, good books to read, cheap books, good books,online books, books online, book reviews, read books online, books to read online, online library, greatbooks to read, best books to read, top books to Kinned to the Sea By Melissa Stacy books to read online."
"(*EPUB)->Download Long Way Home (Thunder Road, #3) BY: Katie McGarry Book For Free",https://lh5.googleusercontent.com/NU7yF0Mf3yyOYmChwgCzVMY3GHQCZpuRqyZfNkWV6YS3xqMtNHX5zVxeq1x3ehYG2tSVnqppYFesQ41fcb7hISvgHH1eLJdWccuexy5891quHeqoxXVabWCTh0YsasZMew=w1280,"Long Way Home (Thunder Road, #3)",Katie McGarry,448,Harlequin Teen,eng,30738170-long-way-home,,https://www.google.com/url?q=https%3A%2F%2Fnewreleasesbook.com%2F%3Fbook%3D30294279-trapped-in-silver&sa=D&sntz=1&usg=AFQjCNH_b_EyILDHhxd-pGm5XXNBC3R6yA,DOWNLOAD NOW,https://lh4.googleusercontent.com/tN-z31XNuwyYlmak5XVbo8mohGDpqwOgk18zPZExHc4MNjzieu8YBH3trj_HhEY0Nc6VkwDaTseDuGMMRmYsCc5cPABEcJ1Z3D5ARcsLA7ojvVVk1xjwOmG3aDe5eLQjFw=w1280,"Read Online and Download Long Way Home (Thunder Road, #3). Seventeen-year-old Violet has always been expected to sit back and let the boys do all the saving.It?s the code her father, a member of the Reign of Terror motorcycle club, raised her to live by. Yet when her dad is killed carrying out Terror business, Violet knows it?s up to her to do the saving. To protect herself, and her vulnerable younger brother, she needs to cut all ties with the club?including Chevy, the boy she?s known and loved her whole life.But when a rival club comes after Violet, exposing old secrets and making new threats, she?s forced to question what she thought she knew about her father, the Reign of Terror, and what she thinks she wants. Which means re-evaluating everything: love, family, friends . . . and forgiveness.Caught in the crosshairs between loyalty and freedom, Violet must decide whether old friends can be trusted?and if she?s strong enough to be the one person to save them all. .","Long Way Home (Thunder Road, #3) by Katie McGarry Free download, epub, pdf, docs, New York Times, ppt, audio books, Bloomberg, #NYT, books to read, good books to read, cheap books, good books,online books, books online, book reviews, read books online, books to read online, online library, greatbooks to read, best books to read, top books to Long Way Home (Thunder Road, #3) By Katie McGarry books to read online."
(*EPUB)->DOWNLOAD Strega Nona by Tomie dePaola Book On Kindle,https://lh5.googleusercontent.com/NU7yF0Mf3yyOYmChwgCzVMY3GHQCZpuRqyZfNkWV6YS3xqMtNHX5zVxeq1x3ehYG2tSVnqppYFesQ41fcb7hISvgHH1eLJdWccuexy5891quHeqoxXVabWCTh0YsasZMew=w1280,Strega Nona,Tomie dePaola,40,Little Simon,eng,1442433558-,9781442433557-,https://www.google.com/url?q=https%3A%2F%2Fnewreleasesbook.com%2F%3Fbook%3D30294279-trapped-in-silver&sa=D&sntz=1&usg=AFQjCNH_b_EyILDHhxd-pGm5XXNBC3R6yA,GET BOOK NOW,https://lh4.googleusercontent.com/tN-z31XNuwyYlmak5XVbo8mohGDpqwOgk18zPZExHc4MNjzieu8YBH3trj_HhEY0Nc6VkwDaTseDuGMMRmYsCc5cPABEcJ1Z3D5ARcsLA7ojvVVk1xjwOmG3aDe5eLQjFw=w1280,"Read Online and Download Strega Nona. When Strega Nona leaves him alone with her magic pasta pot, Big Anthony is determined to show the townspeople how it works in this classic Caldecott Honor book from Tomie dePaola.Strega Nona?""Grandma Witch""?is the source for potions, cures, magic, and comfort in her Calabrian town. Her magical everfull pasta pot is especially intriguing to hungry Big Anthony. He is supposed to look after her house and tend her garden but one day, when she goes over the mountain to visit Strega Amelia, Big Anthony recites the magic verse over the pasta pot, with disastrous results. In this retelling of an old tale, author-illustrator Tomie dePaola combines humor in the writing and warmth in the paintings as he builds the story to its hilarious climax.This package includes a paperback book and a CD of Tomie dePaola retelling his classic story against a charming musical score. .","Strega Nona by Tomie dePaola Free download, epub, pdf, docs, New York Times, ppt, audio books, Bloomberg, #NYT, books to read, good books to read, cheap books, good books,online books, books online, book reviews, read books online, books to read online, online library, greatbooks to read, best books to read, top books to Strega Nona By Tomie dePaola books to read online."
(*EPUB)->DOWNLOAD The Breathless BY - Tara Goedjen Full Read Online,https://lh5.googleusercontent.com/NU7yF0Mf3yyOYmChwgCzVMY3GHQCZpuRqyZfNkWV6YS3xqMtNHX5zVxeq1x3ehYG2tSVnqppYFesQ41fcb7hISvgHH1eLJdWccuexy5891quHeqoxXVabWCTh0YsasZMew=w1280,The Breathless,Tara Goedjen,368,Delacorte Press,eng,29543144-the-breathless,9781524714765-,https://www.google.com/url?q=https%3A%2F%2Fnewreleasesbook.com%2F%3Fbook%3D30294279-trapped-in-silver&sa=D&sntz=1&usg=AFQjCNH_b_EyILDHhxd-pGm5XXNBC3R6yA,GET BOOK NOW,https://lh4.googleusercontent.com/tN-z31XNuwyYlmak5XVbo8mohGDpqwOgk18zPZExHc4MNjzieu8YBH3trj_HhEY0Nc6VkwDaTseDuGMMRmYsCc5cPABEcJ1Z3D5ARcsLA7ojvVVk1xjwOmG3aDe5eLQjFw=w1280,"Read Online and Download The Breathless. No one knows what really happened on the beach where Roxanne Cole?s body was found, but her boyfriend, Cage, took off that night and hasn?t been seen since. Until now. One year?almost to the day?from Ro?s death, when he knocks on the door of Blue Gate Manor and asks where she is.Cage has no memory of the past twelve months. According to him, Ro was alive only the day before. Ro?s sister Mae wouldn?t believe him, except that something?s not right. Nothing?s been right in the house since Ro died.And then Mae finds the little green book. The one hidden in Ro?s room. It?s filled with secrets?dangerous secrets?about her family, and about Ro. And if what it says is true, then maybe, just maybe, Ro isn?t lost forever.And maybe there are secrets better left to the dead. .","The Breathless by Tara Goedjen Free download, epub, pdf, docs, New York Times, ppt, audio books, Bloomberg, #NYT, books to read, good books to read, cheap books, good books,online books, books online, book reviews, read books online, books to read online, online library, greatbooks to read, best books to read, top books to The Breathless By Tara Goedjen books to read online."
"(*EPUB)->DOWNLOAD The End of Oz (Dorothy Must Die, #4) BY - Danielle Paige Books On Iphone",https://lh5.googleusercontent.com/NU7yF0Mf3yyOYmChwgCzVMY3GHQCZpuRqyZfNkWV6YS3xqMtNHX5zVxeq1x3ehYG2tSVnqppYFesQ41fcb7hISvgHH1eLJdWccuexy5891quHeqoxXVabWCTh0YsasZMew=w1280,"The End of Oz (Dorothy Must Die, #4)",Danielle Paige,277,HarperCollins,eng,30653720-the-end-of-oz,9780062423771-,https://www.google.com/url?q=https%3A%2F%2Fnewreleasesbook.com%2F%3Fbook%3D30294279-trapped-in-silver&sa=D&sntz=1&usg=AFQjCNH_b_EyILDHhxd-pGm5XXNBC3R6yA,GET BOOK NOW,https://lh4.googleusercontent.com/tN-z31XNuwyYlmak5XVbo8mohGDpqwOgk18zPZExHc4MNjzieu8YBH3trj_HhEY0Nc6VkwDaTseDuGMMRmYsCc5cPABEcJ1Z3D5ARcsLA7ojvVVk1xjwOmG3aDe5eLQjFw=w1280,"Read Online and Download The End of Oz (Dorothy Must Die, #4). Ding dong?Dorothy is dead.I watched as the Emerald Palace crumbled to the ground, burying Dorothy, the Girl Who Rode the Cyclone, under the rubble. And now that the rightful ruler, Ozma, has been restored to the throne?Oz is finally free.My name is Amy Gumm. You might remember me as the other girl from Kansas. When a tornado whisked me away to the magical land of Oz, I was given a mission: Dorothy must die.But it turns out girls from Kansas are harder to kill than we look.Now the Road of Yellow Brick is leading me away from Oz to the dark world of Ev, where I have a new, powerful enemy to deal with: the Nome King. And?surprise?he has a gingham-clad bride.With my magical shoes and a shrinking group of allies, I have one final chance to fulfill my mission, and save not only what?s left of Oz, but Kansas, too. As the line between Good and Wicked blurs even further, I have to find a way to get rid of Dorothy once and for all?without turning into a monster myself.Dorothy once said there?s .","The End of Oz (Dorothy Must Die, #4) by Danielle Paige Free download, epub, pdf, docs, New York Times, ppt, audio books, Bloomberg, #NYT, books to read, good books to read, cheap books, good books,online books, books online, book reviews, read books online, books to read online, online library, greatbooks to read, best books to read, top books to The End of Oz (Dorothy Must Die, #4) By Danielle Paige books to read online."
"(*EPUB)->Download The Last of August (Charlotte Holmes, #2) by Brittany Cavallaro Ebook Pdf Kindle",https://lh5.googleusercontent.com/NU7yF0Mf3yyOYmChwgCzVMY3GHQCZpuRqyZfNkWV6YS3xqMtNHX5zVxeq1x3ehYG2tSVnqppYFesQ41fcb7hISvgHH1eLJdWccuexy5891quHeqoxXVabWCTh0YsasZMew=w1280,"The Last of August (Charlotte Holmes, #2)",Brittany Cavallaro,317,Katherine Tegen Books,eng,30256105-the-last-of-august,9780062398949-,https://www.google.com/url?q=https%3A%2F%2Fnewreleasesbook.com%2F%3Fbook%3D30294279-trapped-in-silver&sa=D&sntz=1&usg=AFQjCNH_b_EyILDHhxd-pGm5XXNBC3R6yA,DOWNLOAD NOW,https://lh4.googleusercontent.com/tN-z31XNuwyYlmak5XVbo8mohGDpqwOgk18zPZExHc4MNjzieu8YBH3trj_HhEY0Nc6VkwDaTseDuGMMRmYsCc5cPABEcJ1Z3D5ARcsLA7ojvVVk1xjwOmG3aDe5eLQjFw=w1280,"Read Online and Download The Last of August (Charlotte Holmes, #2). Watson and Holmes: A match made in disaster.Jamie Watson and Charlotte Holmes are looking for a winter-break reprieve after a fall semester that almost got them killed. But Charlotte isn?t the only Holmes with secrets, and the mood at her family?s Sussex estate is palpably tense. On top of everything else, Holmes and Watson could be becoming more than friends?but still, the darkness in Charlotte?s past is a wall between them.A distraction arises soon enough, because Charlotte?s beloved uncle Leander goes missing from the estate?after being oddly private about his latest assignment in a German art forgery ring. The game is afoot once again, and Charlotte is single-minded in her pursuit.Their first stop? Berlin. Their first contact? August Moriarty (formerly Charlotte?s obsession, currently believed by most to be dead), whose powerful family has been ripping off famous paintings for the last hundred years. But as they follow the gritty underground scene in Berlin to glittering art .","The Last of August (Charlotte Holmes, #2) by Brittany Cavallaro Free download, epub, pdf, docs, New York Times, ppt, audio books, Bloomberg, #NYT, books to read, good books to read, cheap books, good books,online books, books online, book reviews, read books online, books to read online, online library, greatbooks to read, best books to read, top books to The Last of August (Charlotte Holmes, #2) By Brittany Cavallaro books to read online."
